City_ID,City,Lat,Lng,Max Temp,Humidity,Cloudiness,Wind Speed,Country,Date
0,edinburgh of the seven seas,-37.0676,-12.3116,15.27,88,100,14.4,SH,1719713912
1,argo,37.6333,22.7333,24.88,45,0,2.48,GR,1719713913
2,tocopilla,-22.092,-70.1979,17.99,62,1,2.46,CL,1719713914
3,blackmans bay,-43.0167,147.3167,6.96,90,100,0.45,AU,1719713916
4,ushuaia,-54.8,-68.3,-3.19,74,0,2.06,AR,1719713917
5,yellowknife,62.456,-114.3525,21.34,49,40,6.17,CA,1719713918
6,port-aux-francais,-49.35,70.2167,1.1,67,97,16.57,TF,1719713919
7,amursk,50.2261,136.8994,17.28,66,100,4.4,RU,1719713921
8,dwarka,22.2394,68.9678,29.31,86,97,7.87,IN,1719713922
9,mtwara,-10.2667,40.1833,20.45,93,5,3.53,TZ,1719713923
10,vigan,17.5747,120.3869,31.07,84,58,1.25,PH,1719713924
11,bredasdorp,-34.5322,20.0403,12.43,88,100,2.45,ZA,1719713928
12,ancud,-41.8697,-73.8203,8.14,86,100,8.23,CL,1719713929
13,ribeira grande,38.5167,-28.7,22.1,84,98,2.24,PT,1719713930
14,isafjordur,66.0755,-23.124,9.98,73,100,2.99,IS,1719713931
15,theniet el had,35.8711,2.0281,18.5,46,0,1.09,DZ,1719713935
16,vorgashor,67.5833,63.95,7.55,99,100,4.05,RU,1719713936
17,oum hadjer,13.2954,19.6966,27.85,61,100,5.34,TD,1719713937
18,albany,42.6001,-73.9662,23.13,80,100,1.34,US,1719713938
19,lensk,60.7253,114.9278,27.08,50,94,3.17,RU,1719713940
20,adamstown,-25.066,-130.1015,19.76,57,50,12.72,PN,1719713941
21,puerto baquerizo moreno,-0.9,-89.6,21.52,89,59,4.86,EC,1719713943
22,lihue,21.9789,-159.3672,27.77,65,20,5.66,US,1719713944
23,udachny,66.4167,112.4,18.22,42,100,4.1,RU,1719713945
24,roma,43.2128,-75.4557,24.9,87,100,3.09,US,1719713949
25,jamestown,42.097,-79.2353,24.8,94,100,3.09,US,1719713950
26,stanley,54.868,-1.6985,9.29,86,40,1.54,GB,1719713951
27,happy valley-goose bay,53.3168,-60.3315,14.17,94,75,4.12,CA,1719713953
28,mrakovo,52.7161,56.6244,10.41,74,100,6.9,RU,1719713954
29,carnarvon,-24.8667,113.6333,17.45,62,0,7.13,AU,1719713955
30,fortuna,40.5982,-124.1573,18.29,76,0,8.23,US,1719713956
31,acarau,-2.8856,-40.12,25.06,85,40,4.83,BR,1719713958
32,iqaluit,63.7506,-68.5145,3.85,86,100,3.6,CA,1719713959
33,afaahiti,-17.75,-149.2833,28.93,78,53,11.61,PF,1719713960
34,valparaiso,-33.0393,-71.6273,14.44,63,3,4.09,CL,1719713961
35,port mathurin,-19.6833,63.4167,22.31,82,95,11.27,MU,1719713963
36,tiksi,71.6872,128.8694,6.83,94,100,4.81,RU,1719713964
37,bilibino,68.0546,166.4372,17.63,57,100,2.79,RU,1719713965
38,tofol,5.3248,163.0078,30.88,70,75,5.14,FM,1719713967
39,oriximina,-1.7656,-55.8661,26.42,68,6,0.8,BR,1719713968
40,avarua,-21.2078,-159.775,26.03,69,40,7.2,CK,1719713969
41,dudinka,69.4058,86.1778,8.55,59,31,3.93,RU,1719713971
42,anadyr,64.75,177.4833,8.28,81,75,6.0,RU,1719713972
43,bethel,41.3712,-73.414,23.53,86,100,1.34,US,1719713893
44,hawaiian paradise park,19.5933,-154.9731,26.73,69,40,4.63,US,1719713974
45,la sarre,48.8002,-79.1996,13.68,98,95,2.75,CA,1719713976
46,whitehorse,60.7161,-135.0538,24.43,38,75,7.72,CA,1719713977
47,new norfolk,-42.7826,147.0587,7.62,93,99,1.47,AU,1719713978
48,waitangi,-43.9535,-176.5597,11.57,78,74,1.34,NZ,1719713979
49,vanersborg,58.3807,12.3234,13.28,89,100,1.03,SE,1719713981
50,port alfred,-33.5906,26.891,16.77,74,94,5.68,ZA,1719713982
51,shaowu,27.3409,117.4831,30.07,68,100,1.99,CN,1719713983
52,khandyga,62.6667,135.6,22.0,38,17,0.24,RU,1719713984
53,grytviken,-54.2811,-36.5092,-1.75,90,100,3.64,GS,1719713986
54,klyuchi,52.2667,79.1667,23.88,59,29,0.62,RU,1719713987
55,lompoc,34.6391,-120.4579,19.4,82,100,2.57,US,1719713988
56,pisco,-13.7,-76.2167,17.03,82,75,2.57,PE,1719713989
57,arraial do cabo,-22.9661,-42.0278,22.59,80,100,6.39,BR,1719713991
58,howrah,22.5892,88.3103,30.0,89,100,3.09,IN,1719713993
59,kupang,-10.1667,123.5833,33.32,62,40,8.23,ID,1719713907
60,punta arenas,-53.15,-70.9167,0.06,100,100,10.8,CL,1719713995
61,chonchi,-42.6128,-73.8092,6.73,94,100,3.9,CL,1719713997
62,copiapo,-27.3667,-70.3333,8.83,50,0,0.32,CL,1719713998
63,tura,25.5198,90.2201,24.26,98,100,2.61,IN,1719713999
64,kamyshin,50.0983,45.416,15.21,58,3,1.86,RU,1719714001
65,chulym,55.0997,80.9572,21.46,83,9,4.29,RU,1719714002
66,island harbour,50.724,-1.2758,16.23,83,96,1.34,GB,1719714003
67,port elizabeth,-33.918,25.5701,18.51,61,0,2.06,ZA,1719714005
68,amga,60.8953,131.9608,22.85,31,1,3.68,RU,1719714006
69,chelak,39.9203,66.8611,25.42,29,2,2.65,UZ,1719714007
70,iskateley,67.6803,53.1512,7.55,94,100,5.15,RU,1719714008
71,soio,-6.1349,12.3689,21.39,93,20,2.52,AO,1719714010
72,cobija,-11.0267,-68.7692,26.15,62,99,1.98,BO,1719714011
73,kerikeri,-35.2268,173.9474,15.43,56,30,1.91,NZ,1719714012
74,noshiro,40.2039,140.0242,25.46,54,100,3.21,JP,1719713894
75,tsiombe,-25.3,45.4833,14.27,73,61,2.12,MG,1719714015
76,las palmas,28.4204,-14.0131,19.44,68,100,6.17,ES,1719714016
77,east london,-33.0153,27.9116,24.07,40,85,4.89,ZA,1719714008
78,papatowai,-46.5619,169.4708,10.56,62,98,3.04,NZ,1719714018
79,mapastepec,15.4333,-92.9,25.01,91,100,1.72,MX,1719714020
80,college,64.8569,-147.8028,27.47,43,64,0.93,US,1719713815
81,revda,56.801,59.9303,9.96,70,98,5.5,RU,1719714022
82,mildura,-34.2,142.15,10.6,77,2,7.23,AU,1719714024
83,olonkinbyen,70.9221,-8.7187,3.83,89,56,0.71,SJ,1719714025
84,pahrump,36.2083,-115.9839,38.47,7,0,2.68,US,1719714026
85,timbiqui,2.7717,-77.6654,25.21,91,99,1.2,CO,1719714027
86,taro,-8.3862,115.28,26.0,68,100,2.02,ID,1719714029
87,canutama,-6.5339,-64.3831,25.45,70,32,0.98,BR,1719714030
88,hithadhoo,-0.6,73.0833,28.08,75,20,3.67,MV,1719714031
89,isheyevka,54.4167,48.2667,12.73,71,14,2.81,RU,1719714032
90,susuman,62.7833,148.1667,9.97,68,97,4.36,RU,1719714034
91,menongue,-14.6585,17.691,9.02,61,0,1.98,AO,1719714036
92,sinabang,2.4803,96.3801,28.22,73,80,2.62,ID,1719714038
93,san fernando de monte cristi,19.8667,-71.65,27.38,83,100,8.12,DO,1719714039
94,nuuk,64.1835,-51.7216,6.34,70,100,5.66,GL,1719714040
95,cananeia,-25.0147,-47.9267,17.87,70,100,3.23,BR,1719714041
96,remire-montjoly,4.9167,-52.2667,25.02,100,0,1.03,GF,1719714043
97,bratsk,56.1325,101.6142,29.27,42,8,2.07,RU,1719714045
98,jinji,23.2281,110.8261,30.95,70,100,5.14,CN,1719714046
99,mount isa,-20.7333,139.5,28.87,48,39,3.6,AU,1719714047
100,yaren,-0.5472,166.916,28.44,74,76,5.03,NR,1719714049
101,ketchikan,55.3422,-131.6461,13.26,94,100,4.12,US,1719714050
102,nadi,-17.8,177.4167,29.0,54,20,7.2,FJ,1719713997
103,rongelap,11.1635,166.8941,28.19,79,100,5.95,MH,1719714053
104,namibe,-15.1961,12.1522,18.01,76,0,4.11,AO,1719714054
105,georgetown,5.4112,100.3354,30.96,67,20,1.54,MY,1719713998
106,margaret river,-33.95,115.0667,15.29,58,77,3.39,AU,1719713991
107,hamilton,39.1834,-84.5333,23.75,95,0,0.45,US,1719714058
108,san andres,12.5847,-81.7006,29.01,84,20,4.12,CO,1719713941
109,dongkan,33.9997,119.8308,29.14,62,4,1.98,CN,1719714060
110,chapada dos guimaraes,-15.4606,-55.7497,18.81,55,6,1.87,BR,1719714062
111,sakakah,29.9697,40.2064,28.76,16,1,3.8,SA,1719714063
112,minas de marcona,-15.2119,-75.1103,13.74,80,15,3.32,PE,1719714064
113,embarcacion,-23.209,-64.096,7.9,70,0,1.15,AR,1719714065
114,puerto natales,-51.7236,-72.4875,-2.45,97,100,1.21,CL,1719714067
115,west island,-12.1568,96.8225,27.99,74,40,7.72,CC,1719714068
116,paramonga,-10.6667,-77.8333,17.66,87,91,4.48,PE,1719714071
117,badger,64.8,-147.5333,27.42,41,39,1.05,US,1719714072
118,manaure,11.7751,-72.4445,28.51,72,2,8.35,CO,1719714073
119,inongo,-1.95,18.2667,20.99,52,65,1.22,CD,1719714074
120,san patricio,28.017,-97.5169,30.47,75,0,6.39,US,1719714076
121,mount gambier,-37.8333,140.7667,10.17,67,100,3.59,AU,1719714077
122,codrington,-38.2667,141.9667,11.4,58,97,6.31,AU,1719714078
123,invercargill,-46.4,168.35,8.9,78,100,1.34,NZ,1719714079
124,kingisepp,59.3733,28.6134,11.36,94,34,1.67,RU,1719714081
125,vadso,70.0744,29.7487,8.49,93,100,9.77,NO,1719714082
126,kyzyl-mazhalyk,51.1333,90.6,25.97,38,20,0.53,RU,1719714084
127,palikir - national government center,6.9248,158.1611,30.41,70,75,2.06,FM,1719714086
128,barra dos coqueiros,-10.9089,-37.0386,23.01,83,20,0.51,BR,1719714087
129,greenville,35.6127,-77.3663,28.09,83,0,5.66,US,1719714088
130,aibak,36.2647,68.0155,28.24,29,0,1.29,AF,1719714060
131,ilulissat,69.2167,-51.1,4.01,87,100,3.09,GL,1719714094
132,al kharj,24.155,47.3346,31.32,12,84,1.23,SA,1719714095
133,at-bashi,41.1702,75.8106,17.16,54,95,0.31,KG,1719714097
134,cabo san lucas,22.8909,-109.9124,31.45,57,0,6.69,MX,1719714100
135,st. john's,47.5649,-52.7093,11.65,92,100,3.6,CA,1719714022
136,cabedelo,-6.9811,-34.8339,22.37,84,27,4.78,BR,1719714102
137,monticello,45.3055,-93.7941,18.07,53,40,4.12,US,1719713843
138,longyearbyen,78.2186,15.6401,7.91,61,0,7.2,SJ,1719714105
139,labytnangi,66.6572,66.4183,9.86,90,100,3.71,RU,1719714108
140,nar'yan-mar,67.6713,53.087,7.68,94,100,5.1,RU,1719714109
141,campo gallo,-26.5833,-62.85,7.77,34,0,2.06,AR,1719714110
142,along,28.1667,94.7667,23.54,100,100,0.54,IN,1719714111
143,vila franca do campo,37.7167,-25.4333,20.23,99,63,2.68,PT,1719714113
144,alofi,-19.0595,-169.9187,22.94,94,75,6.69,NU,1719714114
145,kodiak,57.79,-152.4072,9.73,100,100,6.17,US,1719714115
146,qaqortoq,60.7167,-46.0333,2.64,84,0,1.66,GL,1719714116
147,meulaboh,4.1363,96.1285,26.59,81,86,2.17,ID,1719714118
148,fada,9.5667,8.3,20.4,88,51,0.82,NG,1719714119
149,grand baie,-20.0182,57.5802,22.26,65,90,7.18,MU,1719714120
150,vilyuchinsk,52.9306,158.4028,21.15,63,100,2.84,RU,1719714122
151,magadan,59.5667,150.8,9.69,90,100,2.76,RU,1719714123
152,sao joao da barra,-21.6403,-41.0511,21.76,91,22,2.76,BR,1719714124
153,foindu,7.4108,-11.5422,23.11,99,99,0.74,SL,1719714126
154,yuzhno-kurilsk,44.0306,145.8556,16.24,83,65,3.65,RU,1719714128
155,oyem,1.5995,11.5793,19.37,99,99,1.13,GA,1719714129
156,jalalabad,34.4265,70.4515,34.38,38,0,0.58,AF,1719714131
157,el porvenir,13.7617,-87.3458,23.63,96,100,0.94,HN,1719714132
158,petropavlovsk-kamchatsky,53.0452,158.6483,20.33,60,75,5.0,RU,1719714133
159,utrik,11.2278,169.8474,27.94,82,100,8.06,MH,1719714134
160,aykhal,66.0,111.5,18.31,29,100,7.73,RU,1719714136
161,machiques,10.0644,-72.545,25.22,81,2,2.3,VE,1719714137
162,amalner,21.05,75.0667,28.58,73,100,4.16,IN,1719713884
163,holualoa,19.6228,-155.9522,25.91,91,75,5.66,US,1719714139
164,yatou,37.15,122.3833,28.12,49,0,2.46,CN,1719714141
165,gadzhiyevo,69.2551,33.3362,10.89,96,100,0.88,RU,1719714142
166,souillac,-20.5167,57.5167,22.21,53,40,3.09,MU,1719714143
167,uturoa,-16.7333,-151.4333,26.39,79,15,11.96,PF,1719714144
168,crane,31.3974,-102.3501,32.83,35,2,9.73,US,1719714146
169,letpandan,17.7833,95.75,26.94,87,100,2.75,MM,1719714147
170,wailua homesteads,22.0669,-159.378,27.44,69,20,5.66,US,1719714148
171,portland,45.5234,-122.6762,22.77,75,83,1.34,US,1719713850
172,borogontsy,62.6683,131.1683,23.17,31,1,3.05,RU,1719714151
173,kapa'a,22.0752,-159.319,28.18,67,20,5.66,US,1719714152
174,tolanaro,-25.0319,46.9987,19.04,77,0,6.17,MG,1719714153
175,constantia,44.1833,28.65,20.39,53,0,3.59,RO,1719714154
176,mindelo,16.8901,-24.9804,23.75,78,40,12.35,CV,1719714156
177,kenora,49.8167,-94.4337,15.54,51,20,1.54,CA,1719714157
178,saipan,15.1355,145.701,32.39,62,0,4.63,MP,1719714012
179,warwick,41.7001,-71.4162,23.31,84,100,5.36,US,1719714162
180,vilyuysk,63.7553,121.6247,22.77,69,100,3.4,RU,1719714163
181,beyla,8.6833,-8.6333,20.05,99,51,1.55,GN,1719714164
182,ust-nera,64.5667,143.2,14.03,50,97,1.39,RU,1719714166
183,naze,28.3667,129.4833,30.51,78,95,7.6,JP,1719713981
184,tazovsky,67.4667,78.7,6.38,62,97,1.2,RU,1719714170
185,sisimiut,66.9395,-53.6735,3.16,96,100,3.15,GL,1719714171
186,thinadhoo,0.5333,72.9333,28.17,75,18,3.34,MV,1719714172
187,toliara,-23.35,43.6667,18.12,68,1,2.51,MG,1719714174
188,ust'-kulom,61.6864,53.6902,14.78,69,97,2.35,RU,1719714175
189,puerto ayora,-0.7393,-90.3518,21.42,99,47,0.89,EC,1719714176
190,at taj,24.2049,23.2857,25.97,28,0,3.9,LY,1719714177
191,yallahs,17.8748,-76.5624,28.85,86,100,3.91,JM,1719714179
192,axim,4.8699,-2.2405,24.76,92,87,3.22,GH,1719714180
193,idri,27.5,13.2667,28.43,30,0,4.54,LY,1719714182
194,maqat,47.65,53.3167,17.39,58,0,4.75,KZ,1719714183
195,kletnya,53.3897,33.2171,16.95,89,62,1.32,RU,1719714184
196,jianguang,28.1938,115.7836,26.19,93,100,1.92,CN,1719714185
197,chengzhong,30.95,113.55,27.55,81,94,2.97,CN,1719714040
198,kangding,30.0513,101.9603,19.05,81,95,1.61,CN,1719714188
199,amahai,-3.3333,128.9167,27.9,77,62,1.33,ID,1719714189
200,san martin,-33.081,-68.4681,3.3,28,0,2.68,AR,1719714190
201,kirakira,-10.4544,161.9205,27.28,83,82,6.84,SB,1719714192
202,skanor med falsterbo,55.4,12.85,16.99,79,100,7.11,SE,1719714193
203,watford city,47.8022,-103.2832,16.75,72,0,2.57,US,1719714194
204,mount pearl,47.5166,-52.7813,11.19,92,100,3.6,CA,1719714196
205,lebu,-37.6167,-73.65,7.21,79,4,3.05,CL,1719714197
206,filey,54.21,-0.2892,13.21,89,100,0.45,GB,1719714198
207,yakeshi,49.2833,120.7333,24.11,26,0,5.44,CN,1719714199
208,polokwane,-23.9045,29.4688,6.47,81,100,1.54,ZA,1719714201
209,praia da vitoria,38.7333,-27.0667,22.09,83,100,4.92,PT,1719714202
210,padangsidempuan,1.3667,99.2667,24.49,85,99,0.6,ID,1719714203
211,vila velha,-20.3297,-40.2925,24.97,65,0,4.12,BR,1719714204
212,fale old settlement,-9.3852,-171.2468,28.86,77,18,6.08,TK,1719714206
213,broome,42.2506,-75.833,23.17,91,0,3.6,US,1719714207
214,fairfield,41.2668,-73.3162,23.58,86,100,3.09,US,1719714187
215,ashland,40.8167,-82.2665,25.98,89,84,2.87,US,1719714209
216,inverell,-29.7833,151.1167,16.17,98,100,3.13,AU,1719714211
217,selfoss,63.9331,-20.9971,10.47,88,100,2.2,IS,1719714214
218,thompson,55.7435,-97.8558,20.09,40,20,2.06,CA,1719714215
219,kingston,17.997,-76.7936,28.53,74,100,6.17,JM,1719714216
220,colonia,50.9333,6.95,18.03,88,75,2.06,DE,1719713926
221,hami,42.8,93.45,30.95,23,0,0.27,CN,1719714219
222,kwatarkwashi,12.1408,6.822,26.45,65,39,0.59,NG,1719714222
223,nasir,15.5894,32.5634,30.77,45,100,7.84,SD,1719714223
224,merritt,50.1123,-120.7942,23.51,37,100,1.34,CA,1719714224
225,kamyzyak,46.11,48.0736,19.99,37,0,2.0,RU,1719714225
226,lushun,38.8,121.2667,29.12,80,3,4.47,CN,1719714227
227,tvoroyri,61.5556,-6.8111,8.99,92,50,9.64,FO,1719714228
228,zhaotong,27.3167,103.7167,19.66,83,100,1.18,CN,1719714231
229,buka,40.8108,69.1986,24.58,33,86,2.46,UZ,1719714232
230,nadym,65.5333,72.5167,12.93,61,7,1.82,RU,1719714233
231,port saint john's,-31.6229,29.5448,20.09,44,86,5.08,ZA,1719714235
232,tobelo,1.7284,128.0095,28.96,73,100,0.41,ID,1719714236
233,vikulovo,56.8167,70.6107,17.2,86,52,2.82,RU,1719714237
234,toledo,39.8333,-4.0,17.17,77,100,1.81,ES,1719714239
235,ak-dovurak,51.1833,90.6,26.07,38,19,0.25,RU,1719714240
236,ulanhot,46.0833,122.0833,21.9,71,100,8.09,CN,1719714241
237,polyarnyy,69.1989,33.4478,11.65,95,100,0.48,RU,1719714242
238,okhotsk,59.3833,143.3,11.4,74,94,1.26,RU,1719714244
239,flying fish cove,-10.4217,105.6791,26.82,89,100,7.2,CX,1719714245
240,coka,45.9425,20.1433,20.53,68,5,2.69,RS,1719714246
241,kyzyl,51.7,94.45,27.88,29,71,1.02,RU,1719714247
242,patnanungan,14.7833,122.1833,29.55,73,52,3.21,PH,1719714249
243,salumbar,24.1333,74.05,28.54,77,100,5.4,IN,1719714115
244,tha yang,12.9577,99.9055,31.0,60,92,2.02,TH,1719714252
245,novyy urengoy,66.0833,76.6333,10.31,58,10,2.05,RU,1719714256
246,tosontsengel,48.7567,98.2839,20.57,35,2,1.67,MN,1719714257
247,muborak,39.2553,65.1528,28.21,25,2,7.65,UZ,1719714258
248,west bay,19.3667,-81.4167,29.04,84,20,4.12,KY,1719714259
249,stjordalshalsen,63.4681,10.9262,9.95,93,40,2.57,NO,1719714261
250,manggar,-2.8833,108.2667,28.37,78,100,5.84,ID,1719714048
251,bahia blanca,-38.7196,-62.2724,3.97,54,94,3.54,AR,1719714263
252,celestun,20.8667,-90.4,23.94,89,100,10.23,MX,1719714265
253,lata,40.1629,-8.3327,16.07,91,97,0.15,PT,1719714266
254,alice springs,-23.7,133.8833,14.75,88,100,4.63,AU,1719714267
255,bikin,46.8161,134.26,20.08,97,100,1.26,RU,1719714268
256,urangan,-25.3,152.9,20.26,80,0,3.7,AU,1719714255
257,sao vicente,-23.9631,-46.3919,20.15,89,100,3.06,BR,1719714271
258,port blair,11.6667,92.75,28.02,83,40,4.12,IN,1719714272
259,fisterra,42.9049,-9.2629,17.23,95,100,1.33,ES,1719714273
260,pacasmayo,-7.4006,-79.5714,17.55,88,2,5.44,PE,1719714275
261,calama,-22.4667,-68.9333,4.27,10,0,8.23,CL,1719713977
262,ashkasham,36.6833,71.5333,12.88,62,8,1.04,AF,1719714277
263,ciudad lazaro cardenas,17.9583,-102.2,25.56,85,99,1.86,MX,1719714278
264,igrim,63.1906,64.4162,12.86,59,80,3.35,RU,1719714280
265,amos,48.5669,-78.1162,15.04,99,82,2.1,CA,1719714281
266,carutapera,-1.195,-46.02,24.76,94,95,3.63,BR,1719714282
267,gebeit,21.0667,36.3167,28.3,23,21,0.44,SD,1719714283
268,nizhnesortymskiy,62.4397,71.7603,11.99,64,0,5.2,RU,1719714285
269,la'ie,21.6477,-157.9253,27.81,70,8,1.79,US,1719714286
270,horta,38.5333,-28.6333,21.68,84,95,3.58,PT,1719714287
271,black river,18.0264,-77.8487,27.02,83,91,1.3,JM,1719714288
272,labuan bajo,-8.4964,119.8877,29.38,66,61,2.74,ID,1719714290
273,kirensk,57.7853,108.1119,29.23,45,46,1.16,RU,1719714291
274,khvoynaya,58.9,34.5333,13.39,91,2,2.19,RU,1719714292
275,gaya,24.7833,85.0,25.95,100,75,3.09,IN,1719714293
276,khanabad,36.6825,69.1156,32.38,24,0,1.25,AF,1719714296
277,coahuayana de hidalgo,18.7,-103.6583,25.14,88,100,1.31,MX,1719714297
278,bang saphan,11.2126,99.5117,29.26,71,92,1.9,TH,1719714299
279,sinop,41.7711,34.8709,14.66,82,0,2.07,TR,1719714300
280,enewetak,11.3474,162.3373,28.27,78,25,6.35,MH,1719714301
281,san rafael,-34.6177,-68.3301,8.28,30,6,4.19,AR,1719714302
282,camabatela,-8.1881,15.375,14.16,78,4,1.09,AO,1719714304
283,sidi slimane,34.2648,-5.926,18.06,86,2,1.36,MA,1719714305
284,sligo,54.2697,-8.4694,10.38,80,100,5.12,IE,1719714306
285,isangel,-19.55,169.2667,24.06,69,75,3.09,VU,1719714308
286,ha'il,27.5219,41.6907,25.01,20,0,1.03,SA,1719714309
287,san antonio de pale,-1.4014,5.6325,23.94,81,95,5.96,GQ,1719714310
288,san pedro del parana,-26.8333,-56.2,4.48,86,22,1.88,PY,1719714311
289,mulvane,37.4745,-97.2439,28.22,61,100,9.26,US,1719714313
290,eyl,7.9803,49.8164,26.95,62,68,10.71,SO,1719714314
291,kailua-kona,19.6406,-155.9956,27.98,88,75,5.66,US,1719714315
292,zalari,53.5584,102.5065,26.93,44,0,3.2,RU,1719714318
293,champerico,14.3,-91.9167,25.18,90,100,4.68,GT,1719714319
294,sorong,-0.8833,131.25,28.67,76,69,3.43,ID,1719714321
295,cadale,2.7603,46.3222,25.2,84,98,7.98,SO,1719714322
296,rio grande,-32.035,-52.0986,5.53,72,19,7.77,BR,1719714323
297,bandarbeyla,9.4942,50.8122,27.2,60,88,12.76,SO,1719714324
298,nordhorn,52.4333,7.0833,16.64,95,100,3.33,DE,1719714326
299,tromso,69.6496,18.957,13.01,71,75,9.77,NO,1719714327
300,kudahuvadhoo,2.6708,72.8944,28.03,74,26,2.26,MV,1719714328
301,arkhangel'sk,64.5401,40.5433,21.06,73,40,4.0,RU,1719714329
302,ballina,-28.8667,153.5667,25.99,62,0,4.74,AU,1719714331
303,yarmouth,41.7057,-70.2286,21.72,87,75,6.69,US,1719714333
304,khalilabad,26.775,83.0736,31.63,63,98,0.68,IN,1719714089
305,constitucion,-35.3333,-72.4167,9.93,61,100,3.18,CL,1719714336
306,nambour,-26.6333,152.95,24.92,81,0,0.89,AU,1719714153
307,keflavik,64.0049,-22.5624,10.95,87,75,7.2,IS,1719714338
308,hovd,48.0056,91.6419,24.96,31,4,0.29,MN,1719714339
309,el calafate,-50.3408,-72.2768,-4.6,89,100,0.86,AR,1719714341
310,vernon,50.2581,-119.2691,26.36,40,100,2.24,CA,1719714342
311,hermanus,-34.4187,19.2345,11.0,86,6,2.84,ZA,1719714343
312,hammerfest,70.6634,23.6821,14.25,82,100,5.66,NO,1719714344
313,sharanga,57.1775,46.5396,13.2,74,4,1.8,RU,1719714346
314,saint-pierre,-21.3393,55.4781,16.82,55,0,2.06,RE,1719714347
315,guozhen,34.3659,107.359,32.95,31,28,3.09,CN,1719714348
316,guerrero negro,27.9769,-114.0611,19.79,77,7,7.5,MX,1719714350
317,whakatane,-37.9585,176.9854,14.93,65,100,1.75,NZ,1719714353
318,midvagur,62.0511,-7.1939,8.46,93,100,7.2,FO,1719714354
319,lycksele,64.5954,18.6735,8.57,87,19,1.03,SE,1719714355
320,lewistown,40.5992,-77.5714,23.93,100,40,0.0,US,1719714356
321,grande prairie,55.1667,-118.8027,20.1,52,75,5.66,CA,1719714358
322,zaysan,47.4667,84.8667,23.95,52,100,4.47,KZ,1719714359
323,ust-tsilma,65.441,52.1498,16.57,78,34,2.84,RU,1719714360
324,kirkwall,58.9848,-2.9587,10.54,93,100,6.17,GB,1719714361
325,opuwo,-18.0607,13.84,13.2,46,0,1.5,NA,1719714363
326,aasiaat,68.7098,-52.8699,2.25,96,100,7.11,GL,1719714364
327,itaituba,-4.2761,-55.9836,26.09,94,0,1.54,BR,1719714365
328,sampit,-2.5333,112.95,24.55,96,100,0.33,ID,1719714366
329,el nido,11.1858,119.3956,29.57,71,95,1.02,PH,1719714368
330,mogadishu,2.0371,45.3438,25.57,83,90,7.5,SO,1719714369
331,kiunga,-6.1219,141.2906,26.88,84,90,1.3,PG,1719714370
332,newman,37.3138,-121.0208,35.16,39,0,0.89,US,1719714372
333,bubaque,11.2833,-15.8333,27.08,84,81,5.9,GW,1719714375
334,santa cruz,-17.8,-63.1667,17.7,34,100,6.69,BO,1719714376
335,naracoorte,-36.9579,140.7383,10.67,69,100,4.97,AU,1719714377
336,pangoa,-12.1167,-73.0,19.83,95,99,1.44,PE,1719714378
337,sydney,-33.8679,151.2073,14.28,91,75,9.26,AU,1719714234
338,perry,37.2506,-83.1999,29.4,89,100,1.68,US,1719714381
339,bu'aale,1.0833,42.5833,21.29,97,98,2.55,SO,1719714383
340,szeghalom,47.0333,21.1667,21.1,58,48,2.92,HU,1719714384
341,kilindoni,-7.9139,39.6668,25.44,74,19,7.26,TZ,1719714385
342,k'asp'i,41.9252,44.4257,16.94,85,100,1.86,GE,1719714387
343,berdigestyakh,62.0989,126.6992,22.96,34,95,2.87,RU,1719714388
344,tashtagol,52.7657,87.8894,24.73,68,76,2.75,RU,1719714389
345,saint-philippe,-21.3585,55.7679,16.77,69,24,3.02,RE,1719714390
346,oleksandriya,48.6696,33.1159,18.49,60,0,1.11,UA,1719714392
347,arroyo de la encomienda,41.6096,-4.7969,17.0,92,0,3.09,ES,1719714393
348,punto fijo,11.6956,-70.1996,27.47,82,11,11.77,VE,1719714394
349,aral,40.5156,81.2636,30.28,26,100,7.77,CN,1719714395
350,toamasina,-18.1667,49.3833,17.0,94,20,3.09,MG,1719714397
351,callaway,30.153,-85.5699,29.96,84,40,4.12,US,1719714398
352,cidreira,-30.1811,-50.2056,7.81,67,6,7.91,BR,1719714399
353,shakhun'ya,57.6758,46.6114,13.25,73,4,1.7,RU,1719714401
354,aginskoye,51.1,114.53,24.52,41,82,2.21,RU,1719714402
355,macau,22.2006,113.5461,30.89,79,40,7.2,MO,1719714367
356,hadibu,12.65,54.0333,26.54,79,95,10.47,YE,1719714404
357,kibondo,-3.5864,30.7203,14.13,64,79,0.57,TZ,1719714406
358,marsh harbour,26.5412,-77.0636,28.32,76,100,4.23,BS,1719714407
359,ocean city,39.2776,-74.5746,24.1,91,72,6.72,US,1719714408
360,zwedru,6.0667,-8.1281,22.48,99,100,0.97,LR,1719714409
361,olyokminsk,60.3736,120.4264,25.1,58,91,3.99,RU,1719714411
362,nurota,40.5614,65.6886,26.48,25,1,1.99,UZ,1719714412
363,egilsstadir,65.2653,-14.3948,2.95,93,0,2.57,IS,1719714413
364,isla vista,34.4133,-119.861,26.3,60,4,3.0,US,1719714414
365,atafu village,-8.5421,-172.5159,28.67,77,42,6.07,TK,1719714416
366,gowurdak,37.8124,66.0466,29.06,24,1,4.25,TM,1719714417
367,general conesa,-40.1,-64.4333,5.37,44,75,5.06,AR,1719714418
368,mega,4.05,38.3,13.25,74,95,5.25,ET,1719714419
369,masterton,-40.9597,175.6575,12.71,73,100,2.15,NZ,1719714421
370,tralee,52.2704,-9.7026,11.23,79,99,2.92,IE,1719714423
371,gazojak,41.1875,61.4036,26.63,27,3,1.17,TM,1719714425
372,robertsport,6.7533,-11.3686,25.7,84,100,2.66,LR,1719714426
373,verkhniy tagil,57.3733,59.9556,10.32,71,41,5.21,RU,1719714427
374,arar,30.9753,41.0381,29.01,14,0,6.17,SA,1719714428
375,bintulu,3.1667,113.0333,29.23,79,20,1.54,MY,1719714430
376,geraldton,-28.7667,114.6,15.23,82,0,3.6,AU,1719714290
377,port-cartier,50.0334,-66.8654,14.12,98,100,3.22,CA,1719714432
378,zavetnoye,47.1194,43.8903,19.38,75,34,2.49,RU,1719714435
379,mar del plata,-38.0023,-57.5575,5.05,86,75,5.66,AR,1719714436
380,saldanha,-33.0117,17.9442,14.03,98,100,3.63,ZA,1719714437
381,qarqaraly,49.4058,75.4742,21.81,47,0,2.09,KZ,1719714439
382,galle,6.0367,80.217,28.85,81,95,3.83,LK,1719714440
383,belmonte,-15.8631,-38.8828,22.77,79,0,3.09,BR,1719714441
384,ulladulla,-35.35,150.4667,9.53,86,100,5.73,AU,1719714253
385,prince rupert,54.3161,-130.3201,15.05,88,100,4.12,CA,1719714444
386,luanda,-8.8368,13.2343,23.0,83,100,1.54,AO,1719714445
387,chust,41.0094,71.2287,25.66,29,91,1.5,UZ,1719714446
388,hasaki,35.7333,140.8333,30.22,89,100,6.33,JP,1719714448
389,labrador city,52.9463,-66.9114,10.95,89,100,2.57,CA,1719714449
390,kimbe,-5.5502,150.1429,29.64,67,91,4.22,PG,1719714450
391,cootamundra,-34.65,148.0333,10.87,73,38,3.82,AU,1719714451
392,aksaray,38.3726,34.0254,14.2,72,100,5.78,TR,1719714453
393,barra do bugres,-15.0725,-57.1811,21.66,68,18,1.79,BR,1719714454
394,pandan,14.0453,124.1694,29.33,80,75,3.18,PH,1719714455
395,asparuhovo,43.3915,25.1255,18.45,68,24,1.48,BG,1719714456
396,vriddhachalam,11.5,79.3333,29.05,68,100,5.62,IN,1719714185
397,palmer,42.1584,-72.3287,23.23,80,100,5.14,US,1719714459
398,grand falls-windsor,48.9332,-55.6649,14.72,68,87,4.56,CA,1719714460
399,ryotsu-minato,38.0833,138.4333,22.73,89,100,5.41,JP,1719714461
400,raduzhny,62.0961,77.475,8.93,95,100,5.62,RU,1719714463
401,colchani,-20.3,-66.9333,1.82,42,0,2.58,BO,1719714464
402,laurinburg,34.7741,-79.4628,28.39,82,0,3.6,US,1719714465
403,mata-utu,-13.2816,-176.1745,27.83,76,79,4.78,WF,1719714466
404,tommot,58.9564,126.2925,21.26,40,82,3.2,RU,1719714468
405,tavistock,50.5494,-4.1442,16.28,93,98,1.88,GB,1719714470
406,myanaung,18.2833,95.3167,28.97,75,94,4.23,MM,1719714472
407,corning,42.1428,-77.0547,23.76,89,0,1.54,US,1719714473
408,coquimbo,-29.9533,-71.3436,11.85,100,100,1.54,CL,1719714474
409,lubang,13.8584,120.124,29.0,76,44,5.58,PH,1719714475
410,christchurch,-43.5333,172.6333,12.6,67,23,4.63,NZ,1719714408
411,salinopolis,-0.6136,-47.3561,26.15,87,64,5.14,BR,1719714478
412,magistral'nyy,56.1725,107.4458,28.69,41,97,0.45,RU,1719714479
413,iskushuban,10.2837,50.23,28.81,39,65,11.81,SO,1719714481
414,conception bay south,47.4999,-52.9981,11.52,91,91,5.04,CA,1719714485
415,scottburgh,-30.2867,30.7532,17.81,41,5,4.11,ZA,1719714486
416,leava,-14.3,-178.1667,27.49,77,9,6.4,WF,1719714487
417,terrace,54.5163,-128.6035,20.95,60,75,7.2,CA,1719714489
418,talnakh,69.4865,88.3972,7.38,68,93,3.27,RU,1719714490
419,kununurra,-15.7667,128.7333,31.99,48,85,3.6,AU,1719714331
420,canguaretama,-6.38,-35.1289,21.7,90,75,3.88,BR,1719714492
421,puerto palomas,31.7667,-107.6167,31.05,36,52,8.0,MX,1719714494
422,haiku-pauwela,20.9219,-156.3051,28.01,65,40,7.72,US,1719714496
423,la ronge,55.1001,-105.2842,20.14,30,20,3.09,CA,1719714497
424,edd,13.9297,41.6925,34.0,46,62,2.44,ER,1719714498
425,badarwas,24.9667,77.5667,27.01,84,100,5.58,IN,1719714500
426,ust'-kut,56.7938,105.7672,28.68,39,100,0.72,RU,1719714501
427,brookings,44.3114,-96.7984,16.0,67,0,3.09,US,1719714502
428,puerto penasco,31.3167,-113.5333,31.06,66,5,1.79,MX,1719714504
429,plastun,44.7561,136.2939,24.39,59,100,3.86,RU,1719714507
430,kyren,51.6828,102.1408,24.78,45,63,0.62,RU,1719714508
431,jiexiu,37.0244,111.9125,30.99,23,55,2.58,CN,1719714475
432,matoury,4.8483,-52.3317,24.98,100,0,1.03,GF,1719714510
433,andergrove,-21.0833,149.1833,26.47,73,36,3.25,AU,1719714512
434,queenstown,-31.8976,26.8753,11.35,61,94,2.96,ZA,1719714513
435,aguilar de campoo,42.7945,-4.2589,12.33,97,100,1.74,ES,1719714514
436,redencao,-4.2258,-38.7306,22.05,92,58,1.18,BR,1719714516
437,kaa-khem,51.6833,94.7333,28.32,29,47,1.25,RU,1719714517
438,old town,50.087,14.4202,25.26,76,0,2.68,CZ,1719714518
439,vytegra,61.0064,36.4481,16.13,85,58,3.75,RU,1719714519
440,shakawe,-18.3667,21.85,11.62,55,8,1.81,BW,1719714521
441,baganga,7.5739,126.56,26.16,90,100,1.27,PH,1719714522
442,altai,46.3722,96.2583,19.57,30,32,0.63,MN,1719714523
443,kapuskasing,49.4169,-82.4331,8.05,93,100,4.63,CA,1719714524
444,kolpashevo,58.3131,82.9089,22.62,80,100,2.25,RU,1719714526
445,baranchinskiy,58.1617,59.6991,11.07,68,67,3.36,RU,1719714527
446,walvis bay,-22.9575,14.5053,13.94,88,0,2.06,NA,1719714529
447,tevriz,57.509,72.4042,17.0,85,73,1.64,RU,1719714530
448,kudymkar,59.0173,54.656,12.99,71,100,1.47,RU,1719714531
449,nagqu,31.5,92.0,10.04,56,72,3.39,CN,1719714532
450,vrangel',42.7297,133.0839,19.94,88,100,4.34,RU,1719714534
451,divnoye,45.9089,43.3547,19.84,67,9,1.96,RU,1719714536
452,san angelo,31.4638,-100.437,34.41,41,0,6.17,US,1719714537
453,ambon,-3.6954,128.1814,30.08,70,40,2.06,ID,1719714539
454,ta`u,-14.2336,-169.5144,27.3,78,58,8.0,AS,1719714540
455,karukh,34.4811,62.5863,21.21,37,3,6.04,AF,1719714548
456,cockburn town,21.4612,-71.1419,27.89,83,84,8.16,TC,1719714558
457,dalandzadgad,43.5708,104.425,20.09,44,7,7.11,MN,1719714561
458,afua,-0.1567,-50.3867,24.28,94,10,1.67,BR,1719714562
459,heihe,50.2441,127.4902,21.32,31,0,4.38,CN,1719714564
460,kalmunai,7.4167,81.8167,27.57,76,97,6.28,LK,1719714566
461,sao jose da coroa grande,-8.8978,-35.1478,22.44,83,6,1.65,BR,1719714567
462,cascais,38.6979,-9.4215,18.06,96,100,6.26,PT,1719714568
463,richards bay,-28.783,32.0377,16.22,59,0,3.03,ZA,1719714570
464,saudarkrokur,65.7461,-19.6394,11.67,58,100,1.86,IS,1719714571
465,pirot,43.1531,22.5861,21.33,70,0,1.38,RS,1719714572
466,proletariy,58.4342,31.7046,14.61,90,67,1.94,RU,1719714573
467,loures,38.8309,-9.1685,18.01,90,100,2.06,PT,1719714575
468,manokwari,-0.8667,134.0833,27.92,72,100,1.85,ID,1719714576
469,sidi akkacha,36.4647,1.3026,22.16,48,0,1.48,DZ,1719714577
470,harnosand,62.6323,17.9379,9.0,77,13,1.95,SE,1719714579
471,lethem,3.3803,-59.7968,24.82,86,3,1.14,GY,1719714580
472,francistown,-21.17,27.5079,11.23,59,29,2.73,BW,1719714581
473,saint-joseph,-21.3667,55.6167,16.21,68,16,3.52,RE,1719714307
474,east islip,40.732,-73.1857,23.59,93,100,6.69,US,1719714584
475,robore,-18.3333,-59.75,14.52,58,100,2.26,BO,1719714585
476,ubari,26.5921,12.7805,28.92,21,0,3.77,LY,1719714586
477,arteche,12.2645,125.4048,29.73,73,100,2.2,PH,1719714588
478,sfax,34.7406,10.7603,25.08,78,0,1.54,TN,1719714589
479,vokhtoga,58.8147,41.0461,16.67,82,95,2.31,RU,1719714590
480,santana,-0.0583,-51.1817,28.1,89,0,1.54,BR,1719714592
481,esmeraldas,-19.7625,-44.3139,19.48,50,10,1.05,BR,1719714594
482,freetown,8.484,-13.2299,26.84,78,20,5.14,SL,1719714596
483,kone,-21.0595,164.8658,25.86,41,0,2.52,NC,1719714597
484,ketou,7.3633,2.5998,23.55,96,100,1.42,BJ,1719714598
485,n'dalatando,-9.2978,14.9116,15.42,97,24,0.55,AO,1719714603
486,santo antonio,-6.3106,-35.4789,19.41,95,55,3.28,BR,1719714605
487,shimoda,34.6667,138.95,26.17,90,100,9.05,JP,1719714442
488,kresttsy,58.2452,32.5165,15.4,93,17,1.81,RU,1719714608
489,saint croix,17.7397,-64.7388,27.75,84,0,4.63,VI,1719714609
490,katabu,-4.9333,122.5167,28.51,74,100,1.99,ID,1719714610
491,illizi,26.4833,8.4667,31.89,14,0,4.35,DZ,1719714612
492,quellon,-43.1167,-73.6167,7.84,92,100,9.11,CL,1719714613
493,sitka,57.0531,-135.33,16.94,67,100,1.54,US,1719714614
494,sasciori,45.8667,23.5833,17.28,73,0,1.5,RO,1719714615
495,nelson bay,-32.7167,152.15,15.05,94,100,0.89,AU,1719714617
496,miquelon,47.0975,-56.3814,10.0,85,100,6.43,PM,1719714618
497,acatlan de osorio,18.2,-98.05,25.4,59,77,0.85,MX,1719714619
498,yerofey pavlovich,53.9667,121.9667,24.71,27,60,2.78,RU,1719714621
499,mahajanga,-15.7167,46.3167,18.01,72,0,2.06,MG,1719714623
500,ilebo,-4.3167,20.5833,20.08,50,44,0.69,CD,1719714624
501,bamboo flat,11.7,92.7167,28.05,83,40,4.12,IN,1719714626
502,buncrana,55.1333,-7.45,10.62,92,86,3.61,IE,1719714627
503,marsala,37.7966,12.4352,23.97,78,0,2.57,IT,1719714628
504,daru,-9.0763,143.2092,26.74,83,98,8.01,PG,1719714630
505,bathsheba,13.2167,-59.5167,27.34,94,40,9.26,BB,1719714634
506,dunedin,-45.8742,170.5036,8.78,79,85,1.34,NZ,1719714607
507,ajdabiya,30.7554,20.2263,24.0,72,0,4.76,LY,1719714637
508,singrauli,24.1997,82.6753,28.5,70,99,3.77,IN,1719714623
509,papao,-17.75,-149.55,29.82,76,5,13.07,PF,1719714639
510,qashyr,53.0675,76.1036,25.99,37,3,4.16,KZ,1719714640
511,quinhamel,11.8833,-15.85,26.45,85,78,3.11,GW,1719714642
512,kayangel,8.0823,134.7173,28.0,77,99,2.67,PW,1719714643
513,hakui,36.8833,136.7833,25.38,92,100,6.11,JP,1719714500
514,kayalpattinam,8.5667,78.1167,29.17,70,20,1.03,IN,1719714646
515,castillos,-34.1667,-53.8333,3.97,82,63,5.08,UY,1719714647
516,miandrivazo,-19.5167,45.4667,16.06,60,0,2.02,MG,1719714650
517,fresno,36.6666,-119.8343,36.97,21,0,6.69,US,1719714652
518,hilongos,10.3744,124.7497,29.81,71,100,1.55,PH,1719714654
519,kerman,30.2832,57.0788,24.92,27,40,2.06,IR,1719714655
520,broken hill,-31.95,141.4333,11.12,50,3,8.64,AU,1719714657
521,hadsund,56.7148,10.1168,14.41,80,100,1.88,DK,1719714658
522,aromashevo,56.8602,68.6375,14.91,94,98,4.82,RU,1719714659
523,monrovia,6.3005,-10.7969,24.87,87,100,2.34,LR,1719714660
524,viedma,-40.8135,-62.9967,4.05,52,96,4.17,AR,1719714662
525,tangalle,6.024,80.7911,28.09,76,77,3.92,LK,1719714663
526,vaasa,63.096,21.6158,14.41,97,0,2.68,FI,1719714664
527,moyale,3.5167,39.0584,16.72,82,94,2.46,KE,1719714666
528,nampula,-15.1165,39.2666,17.97,94,75,2.57,MZ,1719714667
529,edmundston,47.3737,-68.3251,12.08,92,100,7.2,CA,1719714528
530,tsuma,32.1,131.4,30.97,71,100,4.67,JP,1719714669
531,promyshlennaya,54.9159,85.6385,27.53,81,96,3.96,RU,1719714671
532,tyukhtet,56.5389,89.3011,27.77,60,67,2.55,RU,1719714672
533,sagua la grande,22.8067,-80.0756,27.55,87,79,3.3,CU,1719714673
534,jeddah,21.5169,39.2192,34.92,18,0,2.06,SA,1719714674
535,baidoa,3.1138,43.6498,20.18,90,100,5.22,SO,1719714675
536,karagay,58.2667,54.9368,13.29,70,100,2.15,RU,1719714677
537,boda,4.3189,17.4695,22.86,66,73,0.83,CF,1719714678
538,moree,-29.4667,149.85,17.47,79,100,5.23,AU,1719714679
539,mil'kovo,55.6078,37.7956,21.28,75,57,2.35,RU,1719714681
540,puerto armuelles,8.2833,-82.8667,26.16,83,90,0.45,PA,1719714682
541,karratha,-20.7377,116.8463,22.89,43,0,6.47,AU,1719714683
542,kohlu,29.8962,69.252,29.74,54,24,2.87,PK,1719714684
543,guercif,34.2257,-3.3536,21.57,58,0,1.71,MA,1719714685
544,rifle,39.5347,-107.7831,19.39,55,45,1.85,US,1719714687
545,surab,28.4914,66.2585,26.21,51,4,0.83,PK,1719714688
546,lerwick,60.1545,-1.1494,11.0,94,100,5.05,GB,1719714689
547,glace bay,46.1969,-59.957,14.49,88,100,3.09,CA,1719714690
548,luderitz,-26.6481,15.1594,12.09,91,42,1.87,NA,1719714692
549,camocim,-2.9022,-40.8411,23.97,89,39,3.69,BR,1719714693
550,bougouni,11.417,-7.479,24.98,85,98,2.5,ML,1719714694
551,novaya igirma,57.1334,103.9112,30.21,34,100,1.4,RU,1719714696
552,mejit,10.2753,170.8646,28.02,78,100,7.2,MH,1719714697
553,casa grande,32.8795,-111.7573,39.95,27,0,2.57,US,1719714698
554,chita,52.0333,113.55,22.94,43,35,1.0,RU,1719714700
555,lospalos,-8.5186,127.0025,26.33,70,98,6.37,TL,1719714701
556,fayroz koh,34.5195,65.2509,19.23,40,0,0.64,AF,1719714702
557,aioun,16.6614,-9.6149,33.11,22,4,5.33,MR,1719714703
558,lazaro cardenas,17.9583,-102.2,25.26,87,100,1.26,MX,1719714705
559,greymouth,-42.4667,171.2,10.82,76,99,1.92,NZ,1719714586
